INSERT INTO sites (name, location, type, start_date, end_date)
VALUES
('Marmara Vadi Konakları', 'Başakşehir, İstanbul', 'Luxury Residential', '2024-01-15', '2026-06-30'),
('Yıldız Şehir Parkı', 'Beşiktaş, İstanbul', 'Residential/Mall', '2024-02-01', '2027-03-15'),
('Anadolu Raylı Sistem Hattı', 'Kadıköy-Sabiha Gökçen', 'Government (Infrastructure)', '2024-03-10', '2027-12-01'),
('Gökkuşağı Rezidans', 'Çankaya, Ankara', 'Modern Residential', '2024-04-05', '2025-11-30'),
('Ege Esintisi Villaları', 'Bodrum, Muğla', 'Coastal Residential', '2024-05-20', '2026-02-28'),
('Başkent Millet Bahçesi', 'Altındağ, Ankara', 'Govt (Urban/Park)', '2024-06-12', '2027-09-01'),
('Kuzey Marmara Lojistik Merkezi', 'Arnavutköy, İstanbul', 'Govt (Industrial)', '2024-07-01', '2025-12-31'),
('Altın Boynuz Kentsel Dönüşüm', 'Fatih, İstanbul', 'Urban Renewal', '2024-08-15', '2028-06-30'),
('Boğaziçi Panorama Evleri', 'Sarıyer, İstanbul', 'Luxury Residential', '2024-09-03', '2028-04-15'),
('Teknopark İstanbul Genişleme', 'Pendik, İstanbul', 'Govt (Tech/Office)', '2024-10-01', '2026-08-31'),
('Marmara Otoyol Viyadüğü', 'Silivri, İstanbul', 'Government (Infrastructure)', '2024-11-01', '2025-08-19'),
('Ankara Kentsel Yaşam Evleri', 'Etimesgut, Ankara', 'Modern Residential', '2024-11-15', '2025-10-29'),
('İzmir Liman Depolama Sahası', 'Aliağa, İzmir', 'Govt (Industrial)', '2024-12-01', '2025-11-07'), 
('Bursa Teknoloji Vadisi', 'Nilüfer, Bursa', 'Govt (Tech/Office)', '2024-12-10', '2025-09-14'), 
('Antalya Turizm Kompleksi', 'Serik, Antalya', 'Luxury Residential', '2025-01-05', '2026-03-27'), 
('Karadeniz Lojistik Üssü', 'Sürmene, Trabzon', 'Govt (Industrial)', '2025-01-20', '2025-09-02'), 
('Eskişehir Öğrenci Rezidansı', 'Tepebaşı, Eskişehir', 'Modern Residential', '2025-02-01', '2025-09-01'),
('Adana Enerji Hatları Dağıtım', 'Ceyhan, Adana', 'Government (Infrastructure)', '2025-02-15', '2025-09-13'), 
('Kocaeli Karma Alışveriş Merkezi', 'Gebze, Kocaeli', 'Residential/Mall', '2025-03-01', '2025-09-27'), 
('Muğla Eko-Köy Evleri', 'Milas, Muğla', 'Coastal Residential', '2025-03-15', '2025-09-24'); 
('Ege Otoban Genişletme', 'Bornova, İzmir', 'Government (Infrastructure)', '2024-11-10', '2025-01-01'), 
('Çankaya İkiz Kuleler', 'Çankaya, Ankara', 'Modern Residential', '2024-11-15', '2024-11-30'),        
('Toros Tünel İnşaatı', 'Akseki, Antalya', 'Government (Infrastructure)', '2024-12-01', '2025-02-11'), 
('Körfez Lojistik Hangarı', 'Dilovası, Kocaeli', 'Govt (Industrial)', '2024-12-05', '2025-02-04'),    
('Ataşehir Finans Ofisleri', 'Ümraniye, İstanbul', 'Govt (Tech/Office)', '2024-12-12', '2025-01-02'),  
('Yeşilova Kentsel Dönüşüm', 'Buca, İzmir', 'Urban Renewal', '2025-01-05', '2025-03-29'),            
('Bodrum Marina Villaları', 'Bodrum, Muğla', 'Coastal Residential', '2025-01-10', '2025-04-07'),       
('Eskişehir Raylı Sistem', 'Odunpazarı, Eskişehir', 'Government (Infrastructure)', '2025-01-15', '2025-03-31'), 
('Nilüfer Yaşam ve AVM', 'Nilüfer, Bursa', 'Residential/Mall', '2025-02-01', '2025-04-17'),            
('Çukurova Güneş Santrali', 'Ceyhan, Adana', 'Govt (Industrial)', '2025-02-10', '2025-05-09'),
('Kars Baraj Regülatörü', 'Merkez, Kars', 'Government (Infrastructure)', '2025-03-01', '2025-06-15'), 
('Kemer Butik Otel', 'Kemer, Antalya', 'Luxury Residential', '2025-03-10', '2025-04-20'),              
('Bornova Sanayi Sitesi', 'Bornova, İzmir', 'Govt (Industrial)', '2025-04-01', '2025-07-10'),           
('Maltepe Sahil Parkı', 'Maltepe, İstanbul', 'Govt (Urban/Park)', '2025-04-15', '2025-08-01'),         
('Kartal Rezidans Kompleksi', 'Kartal, İstanbul', 'Modern Residential', '2025-05-01', '2025-10-15'),   
('Mersin Liman rıhtımı', 'Akdeniz, Mersin', 'Government (Infrastructure)', '2025-05-20', '2025-09-30'),
('Trabzon Karayolu Tüneli', 'Maçka, Trabzon', 'Government (Infrastructure)', '2025-06-01', '2025-11-15'), 
('Konya Ovası Sulama Kanalları', 'Ereğli, Konya', 'Government (Infrastructure)', '2025-06-15', '2025-12-01'),
('Gaziantep OSB Hangarı', 'Şehitkamil, Gaziantep', 'Govt (Industrial)', '2025-07-01', '2025-10-30'), 
('Samsun Akıllı Şehir Ofisi', 'Atakum, Samsun', 'Govt (Tech/Office)', '2025-07-15', '2025-12-20'), 
('Urla Bağ Evleri', 'Urla, İzmir', 'Coastal Residential', '2025-08-01', '2026-03-15'),
('Kuzey Ege Konteyner Limanı', 'Çandarlı, İzmir', 'Government (Infrastructure)', '2025-08-15', '2027-02-01'),
('Keçiören Metrosu Uzatma', 'Keçiören, Ankara', 'Government (Infrastructure)', '2025-09-01', '2027-05-30'),
('Mamak Kentsel Yenileme', 'Mamak, Ankara', 'Urban Renewal', '2025-09-15', '2027-01-15'),
('Esenboğa Depolama Tesisi', 'Akyurt, Ankara', 'Govt (Industrial)', '2025-10-01', '2026-08-31'),
('Antalya Doğa Parkı', 'Muratpaşa, Antalya', 'Govt (Urban/Park)', '2025-10-15', '2026-06-15'),
('Alanya Rezidans Kuleleri', 'Alanya, Antalya', 'Modern Residential', '2025-11-01', '2027-03-01'),
('Manavgat Hidroelektrik', 'Manavgat, Antalya', 'Government (Infrastructure)', '2025-11-15', '2027-12-15'),
('Gebze Kimya İhtisas OSB', 'Gebze, Kocaeli', 'Govt (Industrial)', '2025-12-01', '2026-12-31'),
('Kocaeli Şehir Hastanesi Ek', 'İzmit, Kocaeli', 'Government (Infrastructure)', '2025-12-15', '2027-04-15'),
('Kartepe Teleferik Hattı', 'Kartepe, Kocaeli', 'Government (Infrastructure)', '2026-01-05', '2027-01-05'),
('Ümraniye Kültür Merkezi', 'Ümraniye, İstanbul', 'Govt (Urban/Park)', '2026-01-20', '2027-02-28'),
('Ataşehir Finans Kule-3', 'Ataşehir, İstanbul', 'Govt (Tech/Office)', '2026-02-01', '2028-06-01'),
('Kadıköy Tarihi Dönüşüm', 'Kadıköy, İstanbul', 'Urban Renewal', '2026-02-15', '2027-09-15'),
('Beylikdüzü Sosyal Konutlar', 'Beylikdüzü, İstanbul', 'Modern Residential', '2026-03-01', '2027-11-30'),
('Buca Metro Altyapısı', 'Buca, İzmir', 'Government (Infrastructure)', '2026-03-15', '2028-12-01'),
('Çiğli Organize Depoları', 'Çiğli, İzmir', 'Govt (Industrial)', '2026-04-01', '2027-03-15'),
('Fethiye Akıllı Kavşaklar', 'Fethiye, Muğla', 'Government (Infrastructure)', '2026-04-15', '2026-11-15'),
('Marmaris Yat Limanı Genişleme', 'Marmaris, Muğla', 'Government (Infrastructure)', '2026-05-01', '2027-05-01'),
('Datça Doğa Evleri', 'Datça, Muğla', 'Coastal Residential', '2026-05-15', '2027-06-15'),
('Eskişehir OSB Makine Parkı', 'Odunpazarı, Eskişehir', 'Govt (Industrial)', '2026-06-01', '2027-04-01'),
('Porsuk Çayı Çevre Islahı', 'Tepebaşı, Eskişehir', 'Govt (Urban/Park)', '2026-06-15', '2027-02-15'),
('Bursa Hızlı Tren Garı', 'Osmangazi, Bursa', 'Government (Infrastructure)', '2026-07-01', '2028-03-01'),
('Gemlik Serbest Bölge Depo', 'Gemlik, Bursa', 'Govt (Industrial)', '2026-07-15', '2027-05-15'),
('Mudanya Sahil Evleri', 'Mudanya, Bursa', 'Coastal Residential', '2026-08-01', '2027-09-30'),
('Adana Hacı Sabancı OSB Ek', 'Sarıçam, Adana', 'Govt (Industrial)', '2026-08-15', '2027-08-15'),
('Seyhan Kentsel Gelişim', 'Seyhan, Adana', 'Urban Renewal', '2026-09-01', '2028-02-01'),
('Yüreğir Devlet Hastanesi', 'Yüreğir, Adana', 'Government (Infrastructure)', '2026-09-15', '2028-04-15'),
('Kars Lojistik Merkezi Demiryolu', 'Merkez, Kars', 'Government (Infrastructure)', '2026-10-01', '2027-10-01'),
('Kars Sarıkamış Otel İnşaatı', 'Sarıkamış, Kars', 'Luxury Residential', '2026-10-15', '2027-12-15'),
('Kemer Yat Limanı Yenileme', 'Kemer, Antalya', 'Government (Infrastructure)', '2026-11-01', '2027-07-01'),
('Aliağa Petrokimya Tesisleri', 'Aliağa, İzmir', 'Govt (Industrial)', '2026-11-15', '2028-05-15'),
('Tuzla Tersane Genişletme', 'Tuzla, İstanbul', 'Govt (Industrial)', '2026-12-01', '2027-12-31'),
('Pendik Kavşak Köprüleri', 'Pendik, İstanbul', 'Government (Infrastructure)', '2026-12-15', '2027-08-15'),
('Arnavutköy Konut Projesi', 'Arnavutköy, İstanbul', 'Modern Residential', '2027-01-05', '2028-06-30'),
('Silivri Rüzgar Santrali', 'Silivri, İstanbul', 'Govt (Industrial)', '2027-01-20', '2028-03-20'),
('Çatalca Lojistik Depoları', 'Çatalca, İstanbul', 'Govt (Industrial)', '2027-02-01', '2028-01-31'),
('Sarıyer Boğaz Villaları', 'Sarıyer, İstanbul', 'Luxury Residential', '2027-02-15', '2028-09-15'),
('Fatih Kültür Mirası Restorasyon', 'Fatih, İstanbul', 'Urban Renewal', '2027-03-01', '2028-12-31'),
('Beşiktaş Akıllı Otopark', 'Beşiktaş, İstanbul', 'Government (Infrastructure)', '2027-03-15', '2028-03-15'),
('Başakşehir Millet Kıraathanesi', 'Başakşehir, İstanbul', 'Govt (Urban/Park)', '2027-04-01', '2028-02-01'),
('Gölbaşı Savunma Sanayi Kompleksi', 'Gölbaşı, Ankara', 'Govt (Tech/Office)', '2027-04-15', '2028-10-15'),
('Yenimahalle Sağlık Kompleksi', 'Yenimahalle, Ankara', 'Government (Infrastructure)', '2027-05-01', '2028-11-01'),
('Sincan OSB Fabrika Binaları', 'Sincan, Ankara', 'Govt (Industrial)', '2027-05-15', '2028-05-15'),
('Altındağ Engelsiz Yaşam Merkezi', 'Altındağ, Ankara', 'Govt (Urban/Park)', '2027-06-01', '2028-04-01'),
('Etimesgut Havaalanı Hangarları', 'Etimesgut, Ankara', 'Government (Infrastructure)', '2027-06-15', '2028-08-15'),
('Çeşme Marina Otel', 'Çeşme, İzmir', 'Luxury Residential', '2027-07-01', '2028-09-01'),
('Karşıyaka Spor Kompleksi', 'Karşıyaka, İzmir', 'Govt (Urban/Park)', '2027-07-15', '2028-06-15'),
('Konak Kentsel Dönüşüm Etap-1', 'Konak, İzmir', 'Urban Renewal', '2027-08-01', '2029-03-01'),
('Gaziemir Lojistik Merkezi', 'Gaziemir, İzmir', 'Govt (Industrial)', '2027-08-15', '2028-08-15'),
('Menemen Tarımsal Altyapı', 'Menemen, İzmir', 'Government (Infrastructure)', '2027-09-01', '2028-09-01'),
('Seferihisar Termal Tesisler', 'Seferihisar, İzmir', 'Coastal Residential', '2027-09-15', '2028-11-15'),
('Bodrum Konacık Ticaret Merkezi', 'Bodrum, Muğla', 'Govt (Tech/Office)', '2027-10-01', '2028-10-01'),
('Milas Havalimanı Pist Genişletme', 'Milas, Muğla', 'Government (Infrastructure)', '2027-10-15', '2028-05-15'),
('Marmaris İçmeler Altyapı', 'Marmaris, Muğla', 'Government (Infrastructure)', '2027-11-01', '2028-06-01'),
('Mentese Kamu Binaları', 'Menteşe, Muğla', 'Government (Infrastructure)', '2027-11-15', '2028-11-15'),
('Yatağan Termik Santral Islah', 'Yatağan, Muğla', 'Govt (Industrial)', '2027-12-01', '2028-12-31'),
('Ortaca Tarım Depoları', 'Ortaca, Muğla', 'Govt (Industrial)', '2027-12-15', '2028-09-15'),
('Tepebaşı Akıllı Şehir Altyapısı', 'Tepebaşı, Eskişehir', 'Govt (Tech/Office)', '2028-01-05', '2029-01-05'),
('Odunpazarı Kültür Merkezi', 'Odunpazarı, Eskişehir', 'Govt (Urban/Park)', '2028-01-20', '2029-03-20'),
('Bursa Nilüfer Dijital Ofisler', 'Nilüfer, Bursa', 'Govt (Tech/Office)', '2028-02-01', '2029-06-01'),
('Osmangazi Tarihi Meydan Düzenleme', 'Osmangazi, Bursa', 'Urban Renewal', '2028-02-15', '2029-09-15'),
('Yıldırım Kentsel Dönüşüm Konutları', 'Yıldırım, Bursa', 'Urban Renewal', '2028-03-01', '2029-11-30'),
('İnegöl Mobilya Sanayi Altyapı', 'İnegöl, Bursa', 'Govt (Industrial)', '2028-03-15', '2029-03-15'),
('Kestel Gençlik Merkezi', 'Kestel, Bursa', 'Govt (Urban/Park)', '2028-04-01', '2029-02-01'),
('Gürsu Tarımsal Sulama Göleti', 'Gürsu, Bursa', 'Government (Infrastructure)', '2028-04-15', '2029-10-15'),
('Ceyhan Petrokimya Endüstri Bölgesi', 'Ceyhan, Adana', 'Govt (Industrial)', '2028-05-01', '2030-05-01'),
('Sarıçam Engelsiz Yaşam Parkı', 'Sarıçam, Adana', 'Govt (Urban/Park)', '2028-05-15', '2029-03-15'),
('Yüreğir Kültür ve Spor Kompleksi', 'Yüreğir, Adana', 'Govt (Urban/Park)', '2028-06-01', '2029-06-01'),
('Seyhan Atıksu Arıtma Tesisi', 'Seyhan, Adana', 'Government (Infrastructure)', '2028-06-15', '2029-12-15');

INSERT INTO labor (name, trade_specialty, hourly_rate)
VALUES
('Ahmet Yılmaz', 'Beton İşçisi', 18.5),
('Mehmet Kaya', 'Elektrik Teknisyeni', 24),
('Fatih Demir', 'Operatör', 32),
('Ali Celik', 'Sertifikalı Kaynakçı', 27.5),
('Emre Sahin', 'Tesisat Ustası', 22),
('Burak Arslan', 'İskeleci', 19),
('Hasan Ozturk', 'Çelik Konstrüksiyon İşçisi', 26),
('Can Koc', 'Ağır Vasıta Operatörü', 30),
('Selim Aydin', 'İnşaat Marangozu', 21),
('Mustafa Gunes', 'İş Güvenliği Denetçisi', 35),
('Serkan Bulut', 'Beton İşçisi', 19.0),
('Hüseyin Çetin', 'Elektrik Teknisyeni', 25.5),
('Murat Yıldız', 'Operatör', 33.0),
('Gökhan Avcı', 'Sertifikalı Kaynakçı', 28.0),
('Ercan Polat', 'Tesisat Ustası', 23.5),
('Yusuf Aslan', 'İskeleci', 19.5),
('Deniz Yılmaz', 'Çelik Konstrüksiyon İşçisi', 27.0),
('Mesut Can', 'Ağır Vasıta Operatörü', 31.5),
('Sinan Kılıç', 'İnşaat Marangozu', 22.5),
('Kadir Özdemir', 'İş Güvenliği Denetçisi', 36.5),
('Volkan Şen', 'Sertifikalı Kaynakçı', 29.0),
('Hakan Çelik', 'Operatör', 34.0),
('Cemil Kaya', 'Beton İşçisi', 18.0),
('Metin Aktan', 'Tesisat Ustası', 24.0),
('Ramazan Kara', 'İskeleci', 20.0),
('Uğur Güneş', 'Elektrik Teknisyeni', 26.0),
('Oktay Eren', 'Çelik Konstrüksiyon İşçisi', 27.5),
('Zafer Aydın', 'Ağır Vasıta Operatörü', 32.0),
('Nihat Yıldırım', 'İnşaat Marangozu', 21.5),
('Erdem Kurt', 'İş Güvenliği Denetçisi', 38.0),
('Onur Şahin', 'Beton İşçisi', 18.5),
('Barış Koç', 'Elektrik Teknisyeni', 24.5),
('Sedat Yılmaz', 'Operatör', 32.5),
('Tolga Çelik', 'Sertifikalı Kaynakçı', 28.5),
('Caner Demir', 'Tesisat Ustası', 22.5),
('Gökmen Arslan', 'İskeleci', 19.0),
('Levent Öztürk', 'Çelik Konstrüksiyon İşçisi', 26.5),
('Turgut Kaya', 'Ağır Vasıta Operatörü', 30.5),
('Emin Aydın', 'İnşaat Marangozu', 22.0),
('Şafak Güneş', 'İş Güvenliği Denetçisi', 36.0),
('Mert Bulut', 'Beton İşçisi', 19.2),
('Cenk Çetin', 'Elektrik Teknisyeni', 25.0),
('Okan Yıldız', 'Operatör', 33.5),
('Yasin Avcı', 'Sertifikalı Kaynakçı', 27.8),
('Fatih Polat', 'Tesisat Ustası', 23.0),
('Umut Aslan', 'İskeleci', 19.8),
('Alper Yılmaz', 'Çelik Konstrüksiyon İşçisi', 27.2),
('Birol Can', 'Ağır Vasıta Operatörü', 31.0),
('Süleyman Kılıç', 'İnşaat Marangozu', 21.8),
('Kerem Özdemir', 'İş Güvenliği Denetçisi', 37.0),
('Nuri Şen', 'Sertifikalı Kaynakçı', 28.8),
('Kenan Çelik', 'Operatör', 34.5),
('Yener Kaya', 'Beton İşçisi', 18.2),
('Tamer Aktan', 'Tesisat Ustası', 24.2),
('Sami Kara', 'İskeleci', 20.2),
('Sait Güneş', 'Elektrik Teknisyeni', 25.8),
('Sabri Eren', 'Çelik Konstrüksiyon İşçisi', 27.9),
('Salih Aydın', 'Ağır Vasıta Operatörü', 32.5),
('Samet Yıldırım', 'İnşaat Marangozu', 21.2),
('Sercan Kurt', 'İş Güvenliği Denetçisi', 38.5),
('Adem Bulut', 'Beton İşçisi', 18.8),
('Ahmet Çetin', 'Elektrik Teknisyeni', 24.8),
('Ali Yıldız', 'Operatör', 32.8),
('Arif Avcı', 'Sertifikalı Kaynakçı', 28.2),
('Asım Polat', 'Tesisat Ustası', 22.8),
('Atilla Aslan', 'İskeleci', 19.3),
('Ayhan Yılmaz', 'Çelik Konstrüksiyon İşçisi', 26.8),
('Aziz Can', 'Ağır Vasıta Operatörü', 30.8),
('Baha Kılıç', 'İnşaat Marangozu', 22.2),
('Bahadır Özdemir', 'İş Güvenliği Denetçisi', 35.8),
('Bekir Şen', 'Sertifikalı Kaynakçı', 28.4),
('Berat Çelik', 'Operatör', 33.8),
('Bilal Kaya', 'Beton İşçisi', 18.4),
('Burhan Aktan', 'Tesisat Ustası', 23.8),
('Bülent Kara', 'İskeleci', 19.6),
('Bünyamin Güneş', 'Elektrik Teknisyeni', 25.2),
('Cafer Eren', 'Çelik Konstrüksiyon İşçisi', 27.4),
('Celal Aydın', 'Ağır Vasıta Operatörü', 31.8),
('Cem Yıldırım', 'İnşaat Marangozu', 21.6),
('Cemal Kurt', 'İş Güvenliği Denetçisi', 37.6),
('Coşkun Bulut', 'Beton İşçisi', 19.4),
('Davut Çetin', 'Elektrik Teknisyeni', 25.6),
('Dilaver Yıldız', 'Operatör', 33.2),
('Dursun Avcı', 'Sertifikalı Kaynakçı', 28.6),
('Engin Polat', 'Tesisat Ustası', 23.6),
('Erkan Aslan', 'İskeleci', 19.9),
('Erol Yılmaz', 'Çelik Konstrüksiyon İşçisi', 27.6),
('Ersan Can', 'Ağır Vasıta Operatörü', 31.4),
('Ersin Kılıç', 'İnşaat Marangozu', 22.4),
('Faruk Özdemir', 'İş Güvenliği Denetçisi', 36.8),
('Ferdi Şen', 'Sertifikalı Kaynakçı', 29.2),
('Ferhat Çelik', 'Operatör', 34.2),
('Gökhan Kaya', 'Beton İşçisi', 18.6),
('Hakan Aktan', 'Tesisat Ustası', 24.4),
('Halil Kara', 'İskeleci', 20.4),
('Haluk Güneş', 'Elektrik Teknisyeni', 26.2),
('Hamdi Eren', 'Çelik Konstrüksiyon İşçisi', 27.7),
('Hamza Aydın', 'Ağır Vasıta Operatörü', 32.2),
('Harun Yıldırım', 'İnşaat Marangozu', 21.4),
('Hasan Kurt', 'İş Güvenliği Denetçisi', 38.2);

INSERT INTO equipment (type, model, current_status)
VALUES
('Excavator', 'CAT 320', 'Active'),
('Tower Crane', 'Liebherr 280 EC-H', 'Active'),
('Concrete Pump', 'Schwing S 43 SX', 'Active'),
('Bulldozer', 'Komatsu D65EX', 'Maintenance'),
('Forklift', 'Toyota 8FBN25', 'Active'),
('Compactor', 'Bomag BW 213 D-5', 'Active'),
('Wheel Loader', 'Volvo L120H', 'Idle'),
('Generator', 'Caterpillar C15', 'Active'),
('Dump Truck', 'Mercedes Arocs 3245', 'Active'),
('Drilling Rig', 'Atlas Copco ROC D7C', 'Maintenance'),
('Excavator', 'Hitachi ZX210', 'Active'),
('Tower Crane', 'Potain MCT 85', 'Active'),
('Concrete Pump', 'Putzmeister BSF 36', 'Active'),
('Bulldozer', 'CAT D6N', 'Active'),
('Forklift', 'Hyster H2.5UT', 'Active'),
('Compactor', 'Dynapac CA2500D', 'Active'),
('Wheel Loader', 'John Deere 644K', 'Maintenance'),
('Generator', 'Aksa AD700', 'Active'),
('Dump Truck', 'MAN TGS 41.420', 'Active'),
('Drilling Rig', 'Bauer BG 24H', 'Maintenance'),
('Excavator', 'Volvo EC220E', 'Active'),
('Tower Crane', 'Zoomlion TC5013', 'Active'),
('Concrete Pump', 'Schwing S 36 X', 'Active'),
('Bulldozer', 'Komatsu D37EX', 'Active'),
('Forklift', 'Linde H25T', 'Idle'),
('Compactor', 'Hamm 3411', 'Active'),
('Wheel Loader', 'CAT 950M', 'Active'),
('Generator', 'Cummins C550D5', 'Active'),
('Dump Truck', 'Scania G450', 'Active'),
('Drilling Rig', 'Casagrande B125', 'Active'),
('Excavator', 'CAT 323D', 'Active'),
('Tower Crane', 'Liebherr 150 EC-B', 'Active'),
('Concrete Pump', 'Schwing S 43 SX', 'Active'),
('Bulldozer', 'Komatsu D65EX', 'Maintenance'),
('Forklift', 'Toyota 8FBN25', 'Active'),
('Compactor', 'Bomag BW 213', 'Active'),
('Wheel Loader', 'Volvo L120H', 'Idle'),
('Generator', 'Caterpillar C15', 'Active'),
('Dump Truck', 'Mercedes Arocs', 'Active'),
('Drilling Rig', 'Atlas Copco ROC', 'Active'),
('Excavator', 'Hitachi ZX350', 'Active'),
('Tower Crane', 'Potain MDT 219', 'Active'),
('Concrete Pump', 'Putzmeister BSF 42', 'Active'),
('Bulldozer', 'CAT D8T', 'Active'),
('Forklift', 'Hyster H3.0UT', 'Active'),
('Compactor', 'Dynapac CA3500', 'Active'),
('Wheel Loader', 'John Deere 744K', 'Active'),
('Generator', 'Aksa AD550', 'Active'),
('Dump Truck', 'MAN TGS 33.420', 'Active'),
('Drilling Rig', 'Bauer BG 36', 'Maintenance'),
('Excavator', 'Volvo EC300E', 'Active'),
('Tower Crane', 'Zoomlion TC6016', 'Active'),
('Concrete Pump', 'Schwing S 47 SX', 'Active'),
('Bulldozer', 'Komatsu D85EX', 'Active'),
('Forklift', 'Linde H30T', 'Active'),
('Compactor', 'Hamm 3412', 'Active'),
('Wheel Loader', 'CAT 966M', 'Active'),
('Generator', 'Cummins C400D5', 'Active'),
('Dump Truck', 'Scania P410', 'Active'),
('Drilling Rig', 'Casagrande B250', 'Active'),
('Excavator', 'CAT 336D', 'Active'),
('Tower Crane', 'Liebherr 200 EC-H', 'Active'),
('Concrete Pump', 'Putzmeister BSF 47', 'Active'),
('Bulldozer', 'CAT D7R', 'Active'),
('Forklift', 'Toyota 8FD30', 'Active'),
('Compactor', 'Bomag BW 219', 'Active'),
('Wheel Loader', 'Volvo L150H', 'Active'),
('Generator', 'Caterpillar C18', 'Active'),
('Dump Truck', 'Mercedes Actros', 'Active'),
('Drilling Rig', 'Atlas Copco Flexi', 'Active'),
('Excavator', 'Hitachi ZX130', 'Active'),
('Tower Crane', 'Potain MCT 205', 'Active'),
('Concrete Pump', 'Putzmeister BSF 24', 'Active'),
('Bulldozer', 'CAT D5K', 'Active'),
('Forklift', 'Hyster H1.6UT', 'Active'),
('Compactor', 'Dynapac CA1500', 'Active'),
('Wheel Loader', 'John Deere 544K', 'Active'),
('Generator', 'Aksa AD330', 'Active'),
('Dump Truck', 'MAN TGS 26.360', 'Active'),
('Drilling Rig', 'Bauer BG 15', 'Active'),
('Excavator', 'Volvo EC140E', 'Active'),
('Tower Crane', 'Zoomlion TC4510', 'Active'),
('Concrete Pump', 'Schwing S 20', 'Active'),
('Bulldozer', 'Komatsu D51EX', 'Active'),
('Forklift', 'Linde H16T', 'Active'),
('Compactor', 'Hamm 3205', 'Active'),
('Wheel Loader', 'CAT 930M', 'Active'),
('Generator', 'Cummins C275D5', 'Active'),
('Dump Truck', 'Scania P360', 'Active'),
('Drilling Rig', 'Casagrande B85', 'Active'),
('Excavator', 'CAT 313D', 'Active'),
('Tower Crane', 'Liebherr 85 EC-B', 'Active'),
('Concrete Pump', 'Schwing S 31 XT', 'Active'),
('Bulldozer', 'Komatsu D39EX', 'Active'),
('Forklift', 'Toyota 8FBN15', 'Active'),
('Compactor', 'Bomag BW 177', 'Active'),
('Wheel Loader', 'Volvo L90H', 'Active'),
('Generator', 'Caterpillar C9', 'Active'),
('Dump Truck', 'Mercedes Atego', 'Active'),
('Drilling Rig', 'Atlas Copco Smart', 'Active');

INSERT INTO materials (name, unit, unit_cost)
VALUES
('Grade 60 Rebar', 'kg', 0.85),
('Portland Cement Type I', 'bag (50kg)', 8.5),
('Ready-Mix Concrete C30', 'm3', 95),
('Structural Steel I-Beam', 'kg', 1.2),
('Plywood Formwork 18mm', 'sheet', 22),
('Construction Sand', 'm3', 18),
('Crushed Gravel 20mm', 'm3', 25),
('Ceramic Floor Tile', 'm2', 12.5),
('Rockwool Insulation', 'm2', 7.8),
('PVC Drainage Pipe 100mm', 'm', 4.2),
('Epoxy Coating Rebar', 'kg', 1.45),
('White Portland Cement', 'bag (50kg)', 12.20),
('High-Strength Concrete C50', 'm3', 125.00),
('H-Beam Structural Steel', 'kg', 1.35),
('MDF Formwork Panel', 'sheet', 28.50),
('River Sand Extra Fine', 'm3', 22.00),
('Ballast Gravel 40mm', 'm3', 27.00),
('Granite Porcelain Tile', 'm2', 18.50),
('Glasswool Insulation Panel', 'm2', 9.20),
('HDPE Drainage Pipe 200mm', 'm', 7.80),
('Galvanized Wire Mesh', 'roll', 45.00),
('Quick-Setting Mortar', 'bag (25kg)', 14.50),
('Self-Leveling Screed', 'bag (25kg)', 16.80),
('Fire-Rated Drywall Panel', 'sheet', 11.20),
('Acoustic Ceiling Tile', 'm2', 24.50),
('Bituminous Waterproofing Membrane', 'roll', 55.00),
('Geotextile Fabric Filter', 'm2', 2.10),
('Industrial Epoxy Flooring', 'kg', 8.50),
('LED Weatherproof Luminaire', 'pcs', 32.00),
('Copper Grounding Rod', 'pcs', 19.50),
('Stainless Steel Anchor Bolt', 'pcs', 4.50),
('Polyurethane Joint Sealant', 'tube', 6.20),
('Expanded Polystyrene EPS', 'm3', 38.00),
('Extruded Polystyrene XPS', 'm3', 52.00),
('Aluminium Composite Panel', 'm2', 42.00),
('Float Glass Window Pane', 'm2', 15.50),
('Timber Stud 50x100mm', 'm', 3.80),
('OSB Sheathing Board 15mm', 'sheet', 18.20),
('Brick Clay Solid', 'pcs', 0.45),
('AAC Block 200mm (Gasbeton)', 'pcs', 2.60),
('Silicone Weatherproofing', 'cartridge', 5.80),
('Mineral Wool Blanket', 'm2', 8.40),
('Vapour Barrier Membrane', 'roll', 62.00),
('Corrugated Roofing Sheet', 'm2', 14.00),
('UPVC Window Frame Profile', 'm', 11.50),
('Precast Concrete Kerb', 'm', 16.00),
('Interlocking Paving Block', 'm2', 13.50),
('Asphalt Binder Course', 'ton', 85.00),
('Bentonite Waterproofing Slurry', 'kg', 1.80),
('PVC Waterstop Bar', 'm', 6.50),
('Structural Timber Beam GL24', 'm3', 420.00),
('Fiberglass Mesh Reinforcement', 'roll', 28.00),
('Non-Shrink Grout Cement', 'bag (25kg)', 21.00),
('Calcium Silicate Board', 'sheet', 34.00),
('Perlite Plaster Aggregate', 'bag (40L)', 7.50),
('Hydrated Lime Powder', 'bag (25kg)', 5.20),
('Marble Slab Travertine', 'm2', 35.00),
('Terracotta Facade Tile', 'm2', 29.00),
('Intumescent Fire Paint', 'kg', 12.50),

INSERT INTO assignments (site_id, worker_id, equip_id, assignment_date)
VALUES
(1, 3, 2, '2024-01-20'),
(1, 1, 3, '2024-01-22'),
(2, 4, 1, '2024-02-05'),
(3, 8, 4, '2024-03-15'),
(4, 2, 5, '2024-04-10'),
(5, 6, 6, '2024-05-25'),
(6, 7, 9, '2024-06-18'),
(7, 9, NULL, '2024-07-08'),
(8, 5, 8, '2024-08-20'),
(9, 10, NULL, '2024-09-10'),
(11, 3, 1, '2024-11-05'), 
(11, 1, 3, '2024-11-06'), 
(12, 4, 2, '2024-11-20'),  
(12, 2, 5, '2024-11-22'),  
(13, 8, 9, '2024-12-05'), 
(14, 7, 8, '2024-12-12'),  
(15, 6, 6, '2025-01-10'),  
(16, 9, NULL, '2025-01-25'),
(17, 5, 2, '2025-02-05'), 
(18, 10, NULL, '2025-02-18'),
(19, 3, 1, '2025-03-02'), 
(20, 1, 3, '2025-03-20'); 
(21, 3, 1, '2024-11-11'),  
(21, 1, 9, '2024-11-12'),  
(22, 4, 2, '2024-11-16'),  
(23, 8, 4, '2024-12-02'),  
(23, 7, 10, '2024-12-05'), 
(24, 6, 5, '2024-12-06'),  
(25, 2, 8, '2024-12-13'),  
(26, 1, 3, '2025-01-06'),  
(26, 3, 1, '2025-01-07'), 
(27, 9, 6, '2025-01-12'),  
(28, 10, NULL, '2025-01-16'),
(29, 5, 2, '2025-02-02'),  
(30, 4, 8, '2025-02-12');
(31, 11, 11, '2024-11-11'),
(32, 13, 19, '2024-11-12'),
(33, 1, 9, '2024-11-12'),
(34, 14, 12, '2024-11-16'),
(35, 4, 2, '2024-11-16'),
(36, 18, 14, '2024-12-02'),
(37, 17, 20, '2024-12-05'),
(38, 8, 4, '2024-12-02'),
(39, 16, 15, '2024-12-06'),
(40, 6, 5, '2024-12-06'),
(41, 12, 18, '2024-12-13'),
(42, 2, 8, '2024-12-13'),
(43, 13, 13, '2025-01-06'),
(44, 12, 11, '2025-01-07'),
(45, 3, 1, '2025-01-07'),
(46, 14, 18, '2025-02-12'),
(47, 4, 8, '2025-02-12'),
(48, 21, 21, '2025-08-05'),
(49, 23, 22, '2025-08-18'),
(50, 28, 23, '2025-09-02'),
(51, 27, 25, '2025-09-18'),
(52, 22, 29, '2025-10-02'),
(53, 26, 26, '2025-10-18'),
(54, 27, 27, '2025-11-02'),
(55, 28, 30, '2025-11-18'),
(56, 29, 29, '2025-12-02'),
(57, 30, 28, '2025-12-18'),
(58, 31, 31, '2026-01-10'),
(59, 33, 32, '2026-01-25'),
(60, 32, 35, '2026-02-05'),
(61, 34, 36, '2026-02-20'),
(62, 37, 39, '2026-03-05'),
(63, 38, 37, '2026-03-20'),
(64, 39, 40, '2026-04-05'),
(65, 40, NULL, '2026-04-20'),
(66, 41, 41, '2026-05-05'),
(67, 42, 42, '2026-05-20'),
(68, 43, 43, '2026-06-05'),
(69, 44, 45, '2026-06-20'),
(70, 46, 46, '2026-07-05'),
(71, 47, 49, '2026-07-20'),
(72, 48, 47, '2026-08-05'),
(73, 49, 50, '2026-08-20'),
(74, 50, NULL, '2026-09-05'),
(75, 51, 51, '2026-09-20'),
(76, 52, 52, '2026-10-05'),
(77, 53, 53, '2026-10-20'),
(78, 54, 55, '2026-11-05'),
(79, 56, 56, '2026-11-20'),
(80, 57, 59, '2026-12-05'),
(81, 58, 57, '2026-12-20'),
(82, 59, 60, '2027-01-10'),
(83, 60, NULL, '2027-01-25'),
(84, 61, 61, '2027-02-05'),
(85, 62, 62, '2027-02-20'),
(86, 63, 63, '2027-03-05'),
(87, 64, 65, '2027-03-20'),
(88, 66, 66, '2027-04-05'),
(89, 67, 69, '2027-04-20'),
(90, 68, 67, '2027-05-05'),
(91, 69, 70, '2027-05-20'),
(92, 70, NULL, '2027-06-05'),
(93, 71, 71, '2027-06-20'),
(94, 72, 72, '2027-07-05'),
(95, 73, 73, '2027-07-20'),
(96, 74, 75, '2027-08-05'),
(97, 76, 76, '2027-08-20'),
(98, 77, 79, '2027-09-05'),
(99, 78, 77, '2027-09-20'),
(100, 79, 80, '2027-10-05'),
(101, 80, NULL, '2027-10-20'),
(102, 81, 81, '2027-11-05'),
(103, 82, 82, '2027-11-20'),
(104, 83, 83, '2027-12-05'),
(105, 84, 85, '2027-12-20'),
(106, 86, 86, '2028-01-10'),
(107, 87, 89, '2028-01-25'),
(108, 88, 87, '2028-02-05'),
(109, 89, 90, '2028-02-20'),
(110, 90, NULL, '2028-03-05'),
(111, 91, 91, '2028-03-20'),
(112, 92, 92, '2028-04-05'),
(113, 93, 93, '2028-04-20'),
(114, 94, 95, '2028-05-05'),
(115, 96, 96, '2028-05-20'),
(116, 97, 99, '2028-06-05'),
(117, 98, 97, '2028-06-20');

INSERT INTO material_usage (site_id, mat_id, quantity_used, date)
VALUES
(1, 1, 5000, '2024-01-25'),
(1, 3, 200, '2024-01-28'),
(2, 4, 3000, '2024-02-10'),
(3, 2, 500, '2024-03-20'),
(4, 5, 120, '2024-04-15'),
(5, 6, 300, '2024-05-28'),
(6, 7, 400, '2024-06-22'),
(7, 8, 800, '2024-07-15'),
(8, 9, 1500, '2024-08-25'),
(9, 10, 600, '2024-09-15'),
(11, 1, 752, '2024-11-12'),  
(11, 3, 150, '2024-11-25'),  
(12, 3, 1463, '2024-12-01'), 
(12, 2, 450, '2024-12-15'),   
(13, 4, 1639, '2024-12-20'),  
(14, 5, 256, '2025-01-05'),  
(15, 6, 1205, '2025-02-01'),  
(15, 7, 850, '2025-02-15'),   
(16, 1, 1957, '2025-02-10'),  
(17, 8, 620, '2025-03-01'),   
(18, 10, 310, '2025-03-10'),  
(19, 3, 1895, '2025-04-01'),  
(20, 9, 430, '2025-04-15'),   
(21, 1, 513, '2024-11-15'),  
(21, 3, 162, '2024-11-20'),  
(22, 4, 674, '2024-11-18'),  
(23, 2, 932, '2024-12-10'),  
(23, 1, 1269, '2024-12-25'), 
(24, 10, 141, '2024-12-12'), 
(25, 5, 77, '2024-12-20'),   
(26, 3, 659, '2025-01-15'), 
(27, 6, 800, '2025-01-20'),  
(27, 7, 430, '2025-02-01'),  
(28, 1, 1500, '2025-02-10'), 
(29, 8, 640, '2025-02-18'),  
(30, 9, 300, '2025-03-01'),
(31, 11, 513, '2024-11-15'),
(32, 13, 162, '2024-11-20'),
(33, 1, 300, '2024-11-22'),
(34, 14, 674, '2024-11-18'),
(35, 4, 400, '2024-11-20'),
(36, 12, 932, '2024-12-10'),
(37, 11, 1269, '2024-12-25'),
(38, 2, 500, '2024-12-15'),
(39, 20, 141, '2024-12-12'),
(40, 10, 80, '2024-12-15'),
(41, 15, 77, '2024-12-20'),
(42, 5, 50, '2024-12-22'),
(43, 13, 659, '2025-01-15'),
(44, 3, 250, '2025-01-18'),
(45, 16, 800, '2025-01-20'),
(46, 17, 430, '2025-02-01'),
(47, 6, 600, '2025-01-25'),
(48, 11, 1500, '2025-02-10'),
(49, 1, 1000, '2025-02-12'),
(50, 18, 640, '2025-02-18'),
(51, 8, 500, '2025-02-20'),
(52, 19, 300, '2025-03-01'),
(53, 9, 200, '2025-03-05'),
(54, 21, 450, '2025-08-10'),
(55, 24, 120, '2025-08-25'),
(56, 23, 850, '2025-09-10'),
(57, 25, 340, '2025-09-25'),
(58, 29, 90, '2025-10-10'),
(59, 26, 610, '2025-10-25'),
(60, 27, 430, '2025-11-10'),
(61, 30, 210, '2025-11-25'),
(62, 29, 780, '2025-12-10'),
(63, 28, 150, '2025-12-25'),
(64, 31, 550, '2026-01-15'),
(65, 34, 180, '2026-02-01'),
(66, 33, 920, '2026-02-15'),
(67, 35, 410, '2026-03-01'),
(68, 39, 110, '2026-03-15'),
(69, 36, 680, '2026-04-01'),
(70, 37, 490, '2026-04-15'),
(71, 40, 250, '2026-05-01'),
(72, 39, 820, '2026-05-15'),
(73, 38, 170, '2026-06-01'),
(74, 41, 480, '2026-06-15'),
(75, 44, 130, '2026-07-01'),
(76, 43, 890, '2026-07-15'),
(77, 45, 360, '2026-08-01'),
(78, 49, 95, '2026-08-15'),
(79, 46, 630, '2026-09-01'),
(80, 47, 450, '2026-09-15'),
(81, 50, 220, '2026-10-01'),
(82, 49, 790, '2026-10-15'),
(83, 48, 160, '2026-11-01'),
(84, 51, 520, '2026-11-15'),
(85, 54, 140, '2026-12-01'),
(86, 53, 870, '2026-12-15'),
(87, 55, 380, '2027-01-05'),
(88, 59, 100, '2027-01-20'),
(89, 56, 650, '2027-02-01'),
(90, 57, 470, '2027-02-15'),
(91, 60, 230, '2027-03-01'),
(92, 59, 810, '2027-03-15'),
(93, 58, 180, '2027-04-01'),
(94, 61, 500, '2027-04-15'),
(95, 64, 150, '2027-05-01'),
(96, 63, 860, '2027-05-15'),
(97, 65, 390, '2027-06-01'),
(98, 69, 105, '2027-06-15'),
(99, 66, 660, '2027-07-01'),
(100, 67, 480, '2027-07-15'),
(101, 70, 240, '2027-08-01'),
(102, 69, 830, '2027-08-15'),
(103, 68, 190, '2027-09-01'),
(104, 71, 490, '2027-09-15'),
(105, 74, 160, '2027-10-01'),
(106, 73, 850, '2027-10-15'),
(107, 75, 400, '2027-11-01'),
(108, 79, 110, '2027-11-15'),
(109, 76, 680, '2027-12-01'),
(110, 77, 500, '2027-12-15'),
(111, 80, 250, '2028-01-05'),
(112, 79, 840, '2028-01-20'),
(113, 78, 200, '2028-02-01'),
(114, 81, 470, '2028-02-15'),
(115, 84, 170, '2028-03-01'),
(116, 83, 830, '2028-03-15'),
(117, 85, 410, '2028-04-01'),
(118, 89, 115, '2028-04-15'),
(119, 86, 690, '2028-05-01'),
(120, 87, 510, '2028-05-15'),
(121, 90, 260, '2028-06-01'),
(122, 89, 860, '2028-06-15'),
(123, 88, 210, '2028-07-01'),
(124, 91, 460, '2028-07-15'),
(125, 94, 180, '2028-08-01'),
(126, 93, 820, '2028-08-15'),
(127, 95, 420, '2028-09-01'),
(128, 99, 120, '2028-09-15'),
(129, 96, 710, '2028-10-01'),
(130, 97, 520, '2028-10-15'),
(131, 100, 270, '2028-11-01'),
(132, 99, 880, '2028-11-15'),
(133, 98, 220, '2028-12-01'),
(134, 22, 1400, '2025-08-15'),
(135, 25, 3100, '2025-08-30');

INSERT INTO maintenance_logs (equip_id, service_date, description)
VALUES
(4, '2024-02-01', 'Oil change and filter replacement'),
(10, '2024-03-05', 'Drill bit set replaced, lubrication service'),
(2, '2024-04-10', 'Cable inspection and tension adjustment'),
(1, '2024-05-12', 'Track replacement and hydraulic system check'),
(7, '2024-06-20', 'Battery replacement and fork alignment'),
(3, '2024-07-18', 'Pump seal and valve replacement'),
(8, '2024-08-05', 'Fuel injector cleaning and load test'),
(5, '2024-09-10', 'Mast lubrication and brake adjustment'),
(6, '2024-10-01', 'Belt replacement and vibration plate calibration'),
(9, '2024-10-20', 'Transmission service and rear tire rotation'),
(1, '2024-11-15', 'Hydraulic hose replacement and fluid top-up'),
(2, '2024-12-20', 'Motor brush inspection and electronic control calibration'),
(3, '2025-01-05', 'High-pressure pipe cleaning and valve greasing'),
(5, '2025-01-18', 'Hydraulic cylinder seal kit replacement'),
(8, '2025-02-10', 'Alternator check and radiator flush'),
(9, '2025-03-01', 'Brake pad replacement and front axle alignment'),
(4, '2025-03-25', 'Engine overhaul and undercarriage track adjustment'),
(6, '2025-04-12', 'Vibratory drum shock absorber replacement');
(11, '2024-11-28', 'High vibration detected (36.5 Hz). Hydraulic pump recalibrated.'),
(14, '2024-12-15', 'Track tension adjustment and undercarriage cleaning.'),
(20, '2024-12-28', 'Drilling rig rotation gear lubrication and pressure sensor replacement.'),
(12, '2025-01-05', 'Anemometer replaced on tower crane and main cable greased.'),
(13, '2025-01-22', 'Concrete pump piston wash and pressure valve seals fully renewed.'),
(16, '2025-02-05', 'Compactor drum dampener rubber pads replaced due to high load.'),
(18, '2025-02-25', 'Generator air filter replacement and exhaust system carbon cleaning.'),
(17, '2025-03-15', 'Wheel loader transmission oil flush and torque converter check.'),
(19, '2025-03-22', 'Dump truck hydraulic tipper cylinder seals replaced.'),
(15, '2025-04-02', 'Forklift battery cells tested, water level adjusted and mast lubricated.'),
(21, '2025-08-15', 'Periodic engine oil change and fuel filter swap.'),
(22, '2025-08-20', 'Slewing gear torque calibration and electrical panel test.'),
(23, '2025-09-05', 'Water pump assembly check and seal packing renewal.'),
(24, '2025-09-20', 'Transmission fluid flush and undercarriage cleaning.'),
(25, '2025-10-05', 'Mast chains alignment check and steering axis greasing.'),
(26, '2025-10-20', 'Vibratory unit belt replacement and roller drum scraping.'),
(27, '2025-11-05', 'Main bucket hydraulic seals and pressure testing.'),
(28, '2025-11-20', 'Voltage regulator upgrade and alternator check.'),
(29, '2025-12-05', 'Rear tipper latch mechanism replacement and tire check.'),
(30, '2025-12-20', 'Winch brake lining renewal and hydraulic system bleeding.'),
(31, '2026-01-15', 'Engine coolant flush and radiator core maintenance.'),
(32, '2026-02-01', 'Structural weld NDT inspection and main hoist overhaul.'),
(33, '2026-02-15', 'Piston rings replacement and outrigger seals renewal.'),
(34, '2026-03-01', 'Blade angle cylinder repacking and control joystick check.'),
(35, '2026-03-15', 'Brake pad replacement and load sensor calibration.'),
(36, '2026-04-01', 'Shock absorber padding updates on roller drums.'),
(37, '2026-04-15', 'Front axle kingpin replacement and greasing.'),
(38, '2026-05-01', 'Fuel injector cleaning and battery load testing.'),
(39, '2026-05-15', 'Air brake dryer filter change and wheel alignment.'),
(40, '2026-06-01', 'Kelly bar guide rollers adjustment and oil change.'),
(41, '2026-06-15', 'Main control valve block replacement and testing.'),
(42, '2026-07-01', 'Anemometer replacement and cabin air conditioning service.'),
(43, '2026-07-15', 'Agitator motor replacement and delivery line wash.'),
(44, '2026-08-01', 'Final drive oil replacement and track link repair.'),
(45, '2026-08-15', 'Hydraulic fluid top-up and tilt cylinder check.'),
(46, '2026-09-01', 'Scraper blade installation and drum damper replacement.'),
(47, '2026-09-15', 'Differential gear box overhaul and planetary gear check.'),
(48, '2026-10-01', 'Muffler replacement and automatic transfer switch inspection.'),
(49, '2026-10-15', 'Fifth wheel plate greasing and air suspension check.'),
(50, '2026-11-01', 'Rotary head lubrication and hydraulic line upgrade.'),
(51, '2026-11-15', 'Cabin glass replacement and wiper motor repair.'),
(52, '2026-12-01', 'Slip ring assembly cleaning and hoist limit switch test.'),
(53, '2026-12-15', 'Water tank flush and high pressure cylinder check.'),
(54, '2027-01-05', 'Pre-cleaner air filter install and tooth replacement.'),
(55, '2027-01-20', 'Hydraulic wheel motor check and steering alignment.'),
(56, '2027-02-01', 'Vibration motor coupling replacement and testing.'),
(57, '2027-02-15', 'Central lubrication system line repair and greasing.'),
(58, '2027-03-01', 'Control panel circuit board replacement and testing.'),
(59, '2027-03-15', 'Rear axle leaf spring replacement and shackle check.'),
(60, '2027-04-01', 'Main winch cable replacement and spooling drum check.'),
(61, '2027-04-15', 'Boom cylinder seal kit replacement and test.'),
(62, '2027-05-01', 'Trolley motor replacement and limit switch adjustment.'),
(63, '2027-05-15', 'S-valve wear ring replacement and housing wash.'),
(64, '2027-06-01', 'Sprocket wheel replacement and track realignment.'),
(65, '2027-06-15', 'Fork arms NDT crack testing and lift chain spray.'),
(66, '2027-07-01', 'Articulated joint pin replacement and bushing wear check.'),
(67, '2027-07-15', 'Main lift cylinder repacking and control valve test.'),
(68, '2027-08-01', 'Governor control linkage calibration and load test.'),
(69, '2027-08-15', 'Cabin suspension damper swap and air leak repair.'),
(70, '2027-09-01', 'Mast guide update and hydraulic pressure calibration.'),
(71, '2027-09-15', 'Idler wheel bearing replacement and track tension.'),
(72, '2027-10-01', 'Counterweight bolt inspection and torque calibration.'),
(73, '2027-10-15', 'Concrete delivery cylinder chromium sleeve upgrade.'),
(74, '2027-11-01', 'Ripper tooth replacement and frame reinforcement.'),
(75, '2027-11-15', 'Brake master cylinder replacement and bleeding.'),
(76, '2027-12-01', 'Drum shell repair welding and bearing lubrication.'),
(77, '2027-12-15', 'Hydraulic oil cooler cleaning and fan belt swap.'),
(78, '2028-01-05', 'Glow plug set replacement and cold start testing.'),
(79, '2028-01-20', 'Exhaust manifold gasket swap and turbo check.'),
(80, '2028-02-01', 'Feed chain tension adjustment and drill guide spray.'),
(81, '2028-02-15', 'Main pump drive shaft bearing replacement.'),
(82, '2028-03-01', 'Main hook block shear pin swap and cable check.'),
(83, '2028-03-15', 'End valve pipe joint seal replacement.'),
(84, '2028-04-01', 'Equalizer bar bushing replacement on bulldozer.'),
(85, '2028-04-15', 'Inching valve adjustment and torque converter drain.'),
(86, '2028-05-01', 'Compaction meter sensor replacement and calibration.'),
(87, '2028-05-20', 'Transmission control valve replacement and test.'),
(88, '2028-06-05', 'Engine valve clearance adjustment and tune-up.'),
(89, '2028-06-20', 'Tire replacement (Rear duals) and rim check.'),
(90, '2028-07-01', 'Clamping jaw teeth replacement on drilling rig.');
